League,Playoffs,Open Cup,Year,Regular Season,Avg. Attendance,Division
USL First Division,Quarterfinals,4th Round,2005,5th,"6,028",2
USL A-League,Quarterfinals,4th Round,2004,"1st, Western","5,628",2
USL First Division,Semifinals,2nd Round,2007,2nd,"6,851",2
USL A-League,Quarterfinals,Did not qualify,2001,"4th, Western","7,169",2
USL First Division,Did not qualify,3rd Round,2006,11th,"5,575",2
USL First Division,Did not qualify,1st Round,2008,11th,"8,567",2
USL A-League,1st Round,Did not qualify,2002,"2nd, Pacific","6,260",2
USL A-League,Did not qualify,Did not qualify,2003,"3rd, Pacific","5,871",2
USL First Division,Semifinals,3rd Round,2009,1st,"9,734",2
USSF D-2 Pro League,Quarterfinals,3rd Round,2010,"3rd, USL (3rd)","10,727",2
