id	utterance	targetValue	context	error
907	how many #1 hits did kitty well have?	1	csv/204-csv/500.csv	No valid columns found in response: ['Peak chart positions']. Available: ['Year', 'Peak chart positions\nUS Country', 'Title', 'Album', 'Peak chart positions\nUS']
2202	compare the chart positions between the us and the uk for the science of selling yourself short, where did it do better?	US	csv/203-csv/661.csv	No valid columns found in response: ['Peak chart positions', 'US Mod', 'UK']. Available: ['Year', 'Peak chart positions\nUS Mod', 'Single', 'Peak chart positions\nUK', 'Album']
2263	what was the average chart position of their singles in the uk?	60.5	csv/203-csv/661.csv	No valid columns found in response: ['Peak chart positions']. Available: ['Year', 'Peak chart positions\nUS Mod', 'Single', 'Peak chart positions\nUK', 'Album']
3498	how many singles had a peak chart position of less than 60?	2	csv/203-csv/426.csv	No valid columns found in response: ['Peak chart positions', 'AUS', 'NZ']. Available: ['Year', 'Peak chart positions\nNZ', 'Peak chart positions\nAUS', 'Peak chart positions\nUK', 'Title', 'Album']
3667	how many positions above did moltiva place in swe vs swi?	10	csv/204-csv/574.csv	No valid columns found in response: ['SWE', 'Peak chart positions', 'SWI', 'Peak chart positions']. Available: ['Year', 'Peak chart positions\nSWE', 'Peak chart positions\nSWI', 'Peak chart positions\nUK', 'Title', 'Album']
9888	how many singles have a ranking of 1 under ger?	1	csv/201-csv/48.csv	No valid columns found in response: ['Peak chart positions', 'GER']. Available: ['Year', 'Peak chart positions\nAUT', 'Peak chart positions\nUS\nAlt.', 'Peak chart positions\nSWI', 'Peak chart positions\nFIN', 'Peak chart positions\nGER', 'Peak chart positions\nNLD', 'Peak chart positions\nUS\nMain. Rock', 'Peak chart positions\nAUS', 'Peak chart positions\nUK', 'Title', 'Album', 'Peak chart positions\nUS']
11274	how many episodes were shown in season 1?	12	csv/203-csv/349.csv	No valid columns found in response: ['No. in\\nseason']. Available: ['Original air date', 'Production\ncode', 'U.S. viewers\n(millions)', 'No. in\nseries', 'Directed by', 'Written by', 'No. in\nseason', 'Title']
11441	how many singles peaked above number ten on the charts?	15	csv/204-csv/500.csv	No valid columns found in response: ['Peak chart positions']. Available: ['Year', 'Peak chart positions\nUS Country', 'Title', 'Album', 'Peak chart positions\nUS']
12408	number of episodes in the first season	22	csv/203-csv/685.csv	No valid columns found in response: ['No. in\\nseason']. Available: ['Original air date', 'No. in\nseries', 'Directed by', 'Written by', 'No. in\nseason', 'Title']
13480	what chart position did the single with david bowie reach in the us?	7	csv/200-csv/22.csv	No valid columns found in response: ['US', 'Peak chart positions']. Available: ['Year', 'Peak chart positions\nUS\nMain', 'Peak chart positions\nGER', 'Single', 'Peak chart positions\nUS\nDance', 'Peak chart positions\nIRE', 'Peak chart positions\nUK', 'Certifications\n(sales thresholds)', 'Album', 'Peak chart positions\nUS']
13684	how many songs reached the us main charts?	4	csv/203-csv/751.csv	No valid columns found in response: ['Peak chart positions', 'US', 'Main']. Available: ['Year', 'Peak chart positions\nUS\nMain', 'Peak chart positions\nUS\nAir', 'Peak chart positions\nUS\nMod', 'Title', 'Album']
