id,columns
20,Title
30,Years
37,"Processor,Notes"
44,"Rugby League Debut,Name"
70,"Years,Coach"
80,"Gold,Silver,Bronze,Total,Nation"
91,"U.S.,UK,Album"
92,Took office
105,"Party,Election result"
109,Points
111,"Date built,Name"
113,"Institution,2013 Endowment (and US rank)"
121,"Property,Test method"
122,"Season,W–L"
152,"Component,Model 02"
172,Title
176,Time (h:m:s).1
194,"Film,Opening Weekend (three day)"
195,"Artist,weeks at No. 1"
212,"Artist,Song"
216,Song
243,Score
255,2010/11
259,"Title,Producer(s)"
261,"Viewers,Episode"
262,"Jan,Dec"
270,"Country,Total"
282,Total
290,"By race,White"
306,"Division I Overall,Division II Overall"
338,"Date No. Retired,No."
351,"Stadium,Capacity"
356,Attendance
370,"Year,Title"
371,Original air date (UK)
374,"Performer,Performer.1"
375,Album
387,"Song title,Date"
397,"Centers,Province"
419,"Episode title,Episode #"
421,"Wrestler:,Times:"
430,"W–L,Finish"
439,Member
440,ZIP code Lower
452,Length
458,Surface
480,"Choke,Constriction (Inch)"
492,Time
495,"#,Title"
512,"Crystal Bicycle (Best Professional Cyclist),Best Young Rider,Best Manager,Crystal Drop of Sweat (Best Helper)"
550,"#,Performer(s)"
555,"Directed by,No."
559,"Single/EP,Notes"
569,"Songwriters,#"
573,"Draw,Artist,Song"
597,"Week,Performer"
602,"Nominee(s),Episode"
606,Date successor seated
610,Album
619,Type
622,"Gold:,Bronze:"
652,"Points,Artist"
656,#
657,Results Record
668,Chassis
680,"Receipts per capita  2005 USD,Selected Latin American countries"
689,"Stadium,Capacity"
691,Producer(s)
695,Title
701,"Song,US Rap"
714,Song
725,#
758,Single
794,Candidate(s)
798,"Track,Composer"
800,Original airdate
828,"Dutch language group Seats,French language group Seats"
835,Track
848,"Artist,Points"
864,Flash size
872,Position
897,"Producer(s),Time"
912,"Artist,Points"
915,"Title,Producer(s)"
929,"Year,Laureate"
933,Record
934,"1905–1911,1912–1915,1915–1918,1918–1921"
939,Bernie
943,Title
946,"Gold,Nation"
952,"Event,Performance"
957,"weeks at No. 1,Artist,Title"
968,Format(s)
996,"Title,Album"
1003,Aggregate points
1006,"Dutch language group Electoral district (as of 2012),Dutch language group Seats"
1007,"Name,Age"
1011,"Song,Points"
1018,"Producer(s),Title"
1027,Jay-Ten Winner
1036,"Best Young Rider,Best Manager,Crystal Drop of Sweat (Best Helper)"
1046,"Year,Song"
1051,"Rank,Episode"
1053,"Draw,Artist"
1073,Label
1076,Length
1078,"Revenue (Thou.  PLN),Name of concern"
1120,Title
1128,Month
1131,Written by
1150,"Points,Place"
1154,"Date,Result F–A"
1176,Number
1191,"1993,1996,1999,2007,2011,2015"
1193,Title
1222,"Score,#"
1264,Tourism income  % GDP 2003
1266,Title
1275,"US R&B,US Dance"
1286,Place
1305,Single
1318,Single
1344,"Title,Year"
1349,"Parameter,EW58"
1372,Single
1403,#
1407,"Country:,Silver:"
1419,Result(s)
1425,Viewers
1441,"Title,UK Singles Chart"
1442,Written by
1471,"Score,To par"
1519,"Country,Place"
1521,"Player,Total"
1525,"1993,1996,1999,-,2007,2011,2015"
1527,"Starting Price,Class"
1528,"Points,Artist"
1532,"Choke,Constriction (Inch)"
1536,"Title,Year"
1541,"Title,Producer(s)"
1564,"Wrestler:,Date:"
1565,Year
1589,Original air date
1607,Surface
1630,"Year,Album"
1637,Score
1650,"Single/EP,Release date"
1659,Time
1661,"Year,Relation"
1670,Year
1674,"Density (pop/km²),Name"
1676,"Title,Producer(s)"
1693,"Score,Away Team"
1713,US Mainstream Rock
1769,Votes
1782,"Draw,Points,Artist"
1805,Year
1828,"Producer(s),Title"
1855,"School Year,Class A"
1878,"Chart,Position"
1880,Guest cast
1884,"Artist,Song"
1890,"Hand,4 credits"
1905,Votes
1909,"Length,Stations"
1960,"Canal,Locks"
1961,"UK,Song"
2040,"Author,First line"
2042,Away Team
2052,Original Air date
2061,Title
2125,Year
2138,"Artist,Single"
2177,"Song,Album"
2183,"Title,Producer(s)"
2192,"Single,Chart"
2200,"Team #1,Team #2"
2212,"Tourist arrivals per 1000 inhab (estimated)  2007,Selected Latin American countries"
2214,Released:
2218,"Total,Poland,Baltic States(Resettled in Poland during war),Resettled in Poland during war(from USSR and Romania),Sudetendeutsch"
2240,Peak chart positions US
2258,"Gold:,Silver:,Bronze:"
2267,2011
2273,Performer (s)
2289,"Date:,Location:"
2291,Result/Score
2298,Description
2312,"Album,Song"
2319,"Year,Title"
2362,"Player,Team Inducted As"
2384,Song
2390,League(s)
2396,"Producers,#"
2408,Pos.
2419,Title
2421,"Artist,Points"
2445,Producers
2494,Total:
2499,"Reason for designation Biological interest,Reason for designation Geological interest"
2503,"Nation,Gold,Silver,Bronze"
2511,"Date,Song title"
2539,"Song,Points"
2558,"Song,Artist"
2573,Years
2574,Length
2582,"Title,Directed by:"
2586,Performer
2588,"Points,Artist"
2589,Reign
2607,"#,Producer(s)"
2613,"Year,Title"
2618,US Rap
2635,"Record (conference),School"
2663,State
2686,"Year,Song"
2687,French language group Seats
2705,"Rock/Pop/Alternative,2009"
2727,"Total:,Country:"
2746,"Song,Album"
2754,Featured guest(s)
2767,"Directed by:,Title"
2779,Canal
2812,Peak
2843,"Player,Nickname"
2870,"Surface,No."
2872,Directed by
2877,"Song,Year"
2878,"Area (mm2),Diagonal (mm)"
2896,Month
2921,"Title,Year"
2931,"Name,Altitude (m)"
2951,"Ranking,Event"
2955,"Draw,Place"
2958,"Score,Home"
2976,"#,Title"
2979,"Silver,Time.1"
3001,Location Attendance
3022,Guest cast
3027,Recorded
3057,Release date
3060,Year
3071,Performer(s)
3087,"#,Title,Producer(s)"
3093,"Peak chart positions US,Peak chart positions US R&B"
3122,"Draw,Song"
3141,Event
3144,Results Final score
3152,"Week,Song title"
3166,"Album,Year"
3178,"Single,Album"
3191,"EN57,EN71"
3193,"Artist,Points"
3214,Written by
3247,"Artist,Song"
3273,Year
3282,Genre
3284,Chromic catgut
3309,Party/Electoral Alliance
3341,"Directed by,Original air date"
3347,Length
3351,Presented / Last updated
3354,Year started
3356,"Stadium,Capacity"
3366,Performer
3386,"Single,Year"
3387,Date:
3391,Wrestlers:
3431,"Coach,Years"
3432,"Author,First line"
3449,"Song,Total Downloads"
3454,Title
3467,Original air date
3481,Decision
3489,"#,Title"
3491,"#,Title"
3496,Single
3501,"Times:,Location:"
3530,Directed by:
3556,"Volume,Title"
3557,"Album title,Week"
3558,"Name,Eliminated"
3590,"weight,name"
3597,Length
3603,"Release,Year"
3608,Growth (1991–2001)
3616,"Position,Chart"
3634,"No.,Date No. Retired"
3678,"#,Title"
3689,"Directed by,Title"
3691,"Song,US R&B,US Rap"
3696,"Agg.,1st leg,2nd leg"
3702,"Month,Jan,Feb,Mar,Apr,May,Jun,Jul,Aug,Sep,Oct,Nov,Dec,Year"
3709,"Year,Title,Album,US Dance"
3725,"Horne,County"
3737,Points
3753,"Jury,Artist"
3760,Length
3772,"Title,Time"
3774,Month
3788,Presented / Last updated
3801,"Single,Position"
3824,Built
3865,"US Hot 100,US Modern Rock,US Mainstream Rock"
3876,"Year,Album"
3883,"Artist(s),Title"
3889,Length
3916,"Date,Opponent#"
3960,Performer (s)
3991,"Title,Year"
4024,"Name,Diameter (mm)"
4039,Original Air date
4047,"County,Bush"
4050,"Home Team,Score"
4062,"Year,Title"
4065,Round Result
4086,Time
4101,"Performer,Song title"
4105,Original airdate
4111,Score
4122,Model
4144,Unnamed: 0
4167,"Producer(s),#"
4172,Original Broadcast Date
4200,Title
4201,"County,Population Census 2009"
4227,Length
4228,Wrestlers:
4234,"Publisher,Accolade"
4239,"Championship,No."
4254,"Model 01,Model 02"
4261,Original air date
4278,"Song,Points"
4287,"Jan,Feb,Mar,Apr,May,Jun,Jul,Aug,Sep,Oct,Nov,Dec"
4294,Title
4302,"Jan,Feb,Mar,Apr,May,Jun,Jul,Aug,Sep,Oct,Nov,Dec"
4307,"Date,Saros"
4313,Artist
4317,"Name,feet,Name.1,feet.1"
4326,"Season,W–L"
4328,"#,Title"
4334,"In Service,Model"
4340,"Name,Weight (kg)"
4361,"Title,Original air date"
4375,Attendance
4388,Viewers
4401,Year of listing & ref(s)
4418,Title
4423,"Sales,Artist"
4438,1979–1989 Obverse
4445,ISO/IEC Standard
4461,"Votes,Party"
4464,"Artist,Points"
4484,"Title,Featured guest(s)"
4487,Certifications (sales threshold)
4488,Episode(s)
4490,Original Broadcast Date
4503,Career
4517,"Title,Year"
4523,Year
4530,"Artist,Song"
4561,"Performer (s),Producer(s)"
4564,"#,Title,Producers,Guest Performers,Length"
4565,Aggregate points
4569,Appearance
4579,Location Attendance
4581,"Year,Single"
4585,First mention or built
4594,"Australian Open,French Open,Wimbledon,US Open"
4603,"Song,Points"
4614,Round
4629,Month
4636,"Rock/Pop/Alternative,2004,2005,2006,2009,2010,2011"
4647,"Draw,Artist"
4654,Capacity
4657,"Wrestler:,Location:"
4667,"Title,Songwriters"
4700,"Dutch language group Electoral district (as of 2012),Dutch language group Seats"
4711,"Year,Single"
4715,"Televote,Song"
4716,"Written by,Original air date"
4741,"Title,Film"
4756,"Population %,Religious group"
4791,Single
4804,"М,М.1,м,м.1"
4807,"Opponent#,Rank#,Date"
4854,"Event Year,Flag bearer"
4863,Episode #
4868,"Year,Single"
4928,"Listing date,Name"
4944,"Year,Single"
4946,"Language,Artist"
4972,"Title,US Mainstream Rock"
4975,"Draw,Song"
4988,"Stadium,Capacity"
4993,Place
5011,"Result,Category"
5025,Written by
5033,Lower zip code
5046,"TV Time,Attendance"
5050,Episode
5085,"Height ft (m),Name"
5093,"Test method,Property"
5097,"Title,U.S. Billboard Hot 100 Chart"
5104,"AIRLINE,COMMENCED OPERATIONS"
5108,"Location,Maps"
5127,Episode
5140,Entered administration
5149,Length
5172,"Year,Album"
5182,"Episode,Viewers"
5204,"Song,UK"
5215,"Year,Single"
5223,"Area Size (km²),District"
5235,Record
5276,Unnamed: 0
5322,"Single,Album"
5332,Baltic States(Resettled in Poland during war)
5340,"Year,US R&B,US Rap"
5348,Viewers
5351,Title
5352,Era names and their year ranges
5381,"Home Team,Attendance"
5389,Episode
5397,Album
5423,"1948,1952,1956,1960,1964"
5427,"Length,Title"
5436,Title
5447,Years
5466,"Year,Relation"
5487,"Song,Points"
5488,"Title,Album"
5492,"Title,Year,Producer(s)"
5500,"Single,US Cashbox"
5531,5 credits
5546,"Stadium,Capacity"
5570,Position
5588,Song
5638,Performance
5658,"Directed by:,Title"
5661,1st leg
5666,Attendance
5689,Original Broadcast Date
5716,"Song,UK Singles"
5727,"Jan,Feb,Mar,Apr,May,Jun,Jul,Aug,Sep,Oct,Nov,Dec"
5732,"Score,Home team,Visiting team"
5748,Country of origin*
5793,Beer
5814,"1905–1911,1912–1915,1915–1918,1918–1921"
5821,Score
5838,Length
5840,"Year,Single"
5842,"Category,Year"
5843,"Single,Sales"
5889,"Eliminated,Name"
5900,"Laureate,Category"
5922,Episode
5953,"Year,Laureate"
5955,"Name,Order"
5981,"Year,Song"
5987,"Place,Artist"
6000,"Language,Puerto Villarroel Municipality"
6007,"1st leg,2nd leg"
6025,Year
6062,"Title,Producer(s)"
6064,"Year,Ossulstone Hundred Tower Division"
6101,Rank#
6113,"Stations,Name,Name.1"
6119,"Wrestler:,Date:"
6127,Performer(s)
6128,Total:
6138,Results Team record
6156,"Year,Song"
6160,"Year,Single"
6163,Years
6172,"35 °C (e.g. heated screed floor),45 °C (e.g. heated screed floor),55 °C (e.g. heated timber floor),65 °C (e.g. radiator or DHW),75 °C (e.g. radiator and DHW),85 °C (e.g. radiator and DHW)"
6177,Score
6180,#
6186,"Jury,Song"
6195,Population Census 2009
6254,Album
6264,2011
6271,Written by
6278,Title
6285,Artists
6291,"Draw,Country"
6294,"2006,2009,2011"
6299,Surface
6305,Volume
6311,Release date
6314,Nationality
6323,"Place,Population"
6327,"Revenues as % exports of goods and services 2003,Selected Latin American countries"
6352,"Year,Title"
6374,"Wrestler:,Notes:"
6405,"Country,Place"
6429,"Artist,weeks at No. 1"
6453,Score
6460,"Player,Yards"
6462,100 yd (91 m)
6485,2011/12
6514,"Name,Eliminated"
6523,"Year,Song"
6545,"Title,Written by"
6561,"Model name,Capacity"
6568,"Laureate,Year"
6569,"US Cashbox,US Hot 100,UK Singles"
6599,"Label (Catalog),Year"
6610,"Year,Quantity"
6630,"2005,2006,2009,2010,2011,2012,2013"
6631,"Tyres,No"
6684,"W–L,Season"
6687,Episode number
6692,Release date
6699,Polydioxanone (PDS)
6725,Number of Votes.1
6734,"Plain catgut,Chromic catgut"
6746,"Year,Song"
6749,"Title,Year"
6756,Album
6766,Results Score
6771,Time
6817,"Position,League"
6845,"Song,Points"
6847,"Year,Single"
6861,"2004,2005,2006,2009,2010,2011"
6864,Year
6874,Capacity
6875,Score
6884,"Rider,Time/Retired"
6890,"Year,Album"
6891,World Record
6893,"2010s,2010,2011,2012,2013,2014,2015,2016,2017,2018,Unnamed: 10"
6897,"Language,Artist"
6903,Capacity
6910,"Surface,No."
6917,Year
6918,"Country:,Pos"
6937,"Length,Title"
6946,"Written by,No."
6951,"US R&B,US Pop,US Dance"
6953,"Loser,Number of Votes.1"
6962,"Place,Country"
6993,Title
6995,"2006,2009,2010,2011"
7008,Laureate
7017,Number of households
7035,"Opponent#,Result"
7065,Country
7075,"Artist,Single"
7100,Highest pos. reached
7115,"Song,U.S.,UK"
7117,"Sales,Single"
7136,"Senate opposed,President"
7143,World ranking Tourism Competitiv. TTCI 2011
7154,Polydioxanone (PDS)
7156,Album
7178,"Ep#,Title,Directed by"
7183,"Date:,Wrestler:"
7191,#
7204,"Opponent#,Date"
7210,"Month,Jul"
7219,"Single,Chart"
7220,"Title,Label (Catalog)"
7228,Capacity
7232,"Month,Jan,Feb,Mar,Apr,May,Jun,Jul,Aug,Sep,Oct,Nov,Dec"
7242,"Title,Directed by"
7252,Census subdivision
7276,"Song,Points"
7281,Finish
7303,"Accolade,Rank"
7311,Title
7321,"Broadcast Date,Title"
7343,#
7358,"Community,Area"
7359,Refractive index(es) 589.3 nm
7366,"Title,Album,US Dance"
7377,Celebrity/ies Taking Part
7421,Title
7439,"Score,Home"
7485,Producer(s)
7499,Result(s)
7517,Days available
7558,"Songwriters,#"
7569,"Language,Number"
7571,"Era names and their year ranges,Temple name"
7595,"Average,Season"
7611,"Home,Record"
7626,"Title,Length"
7628,"Performer,Date"
7659,Position
7704,2010
7720,"Year,Single"
7727,"Year,Result"
7736,Title
7743,"Represent,Contestant"
7745,Result F – A
7777,Hilda
7798,Years
7806,"Religious group,Population %"
7844,Single
7853,"Snatch,188 kg"
7859,"Artist,Televote"
7861,Length
7864,"Home,#"
7873,"Week,Song title"
7876,"Year,Title"
7885,"Single,Year"
7890,"Primary.1,Other.1"
7895,"Year,Episode"
7897,"Artist,Points"
7903,"Jan,Feb,Mar,Apr,May,Jun,Jul,Aug,Sep,Oct,Nov,Dec"
7909,Single
7932,"Written by,Title"
7938,"Goals Conceded (GC),Team (Equipo)"
7996,Month
8003,Album
8012,Guest cast
8028,"Kilometers,Name"
8032,Capacity
8057,"weeks at No. 1,Title,Artist"
8062,Title
8066,"Average,Season"
8076,"Title,Year"
8096,"#,Performer"
8112,"Height above sea level (m),Station"
8136,Year
8186,Laureate
8190,"Month,Song,Artist"
8193,Record
8203,Capacity
8244,"#,Title"
8245,Population
8259,"Country:,Gold:,Silver:"
8289,"Title,Year"
8304,"Songwriters,Title"
8309,UK Singles Chart Position
8317,"Song,Album"
8330,Viewers
8339,"Score,Date"
8349,"Title,weeks at No. 1"
8357,"Song,Album"
8360,"Title,Year"
8364,"Time,Driver"
8367,1992
8379,Original air date
8397,"Year,Nominee(s)"
8401,"2000,2001,2002,2003,2004,2005,2006,2007,2008,2009,2010,2011,2012"
8411,Broadcast Date
8430,"Album,Year"
8433,Surface
8442,Length
8490,"Artist,Place"
8492,Premiere date
8504,"Song,Artists"
8505,"#,Songwriters"
8507,"Year,Label"
8515,"1905–1911,1912–1915,1915–1918,1918–1921"
8520,Song
8532,Surface
8543,Description
8552,"Title,Year"
8582,"#,Title"
8607,"Artist,Points"
8613,#
8625,"U.S.,UK,Album"
8641,Country
8645,"Year,Year"
8650,"Title,Length"
8661,"Songwriters,Title"
8675,"Home,Date"
8696,"Year,Single"
8711,Sales
8724,Month
8735,Song title
8741,"Year,Title"
8747,Written by
8748,City served / Location
8749,Title
8752,"Title,Label (Catalog)"
8764,"Year,Single"
8787,Title
8809,"Single,Album"
8811,"Urban Area,Density (People/km²)"
8820,Writer(s)
8830,Election Year
8878,Amanda
8896,"Rank,Original Broadcast Date"
8905,"Div Sec Division,Admin District"
8918,Song
8941,"#,Title"
8942,Title
8961,Current magnitude
8969,Title
9009,W–L
9021,"Songwriters,#"
9048,"Agg.,Team 2"
9069,"Title,Year"
9085,"Artist,Sales"
9091,"Gold,Silver,Bronze"
9099,"Title,Length"
9121,Title
9139,"Home Team,Score"
9163,Race Distance Laps
9192,"Artist,Place"
9240,"Date,Tornadoes"
9243,Venue
9255,Rank#
9257,"Year,Album"
9272,"Date,Day"
9283,"#,Event Year"
9292,"Hilda,Notes"
9312,"Album,Single"
9378,"Pos,No."
9379,"Artist,Year-end Chart"
9383,"Song,Year-end Chart"
9391,"Song,Album"
9392,Country of origin*
9397,"Song title,Album title"
9399,"Position,Player"
9415,"Title,Year"
9422,"Month,Total Downloads"
9431,Component
9448,Years at Nebraska
9455,Title
9459,UK Singles
9518,Unnamed: 0
9521,Winner
9539,Performance
9555,"County,Obama,Votes,Romney,Votes.1"
9586,"Title,Year"
9591,Month
9595,"Train No:,No."
9605,Single
9620,"Date,Performer"
9640,Performer (s)
9641,"Artist,Points"
9657,"Player,Nickname"
9660,"Year,Single"
9676,Category
9686,Results Final score
9699,"Kategori,1995,2004,2005,2006,2007"
9718,Title
9752,"#,Title"
9767,Age
9770,Record
9784,Producer(s)
9791,Year
9800,UK Singles Chart
9801,Producer(s)
9803,"size (cents),interval name"
9807,Length
9818,"Name,1998,1999,2000,2001,2002,2003,2004,2005,2006,2007,2008,2009,2010"
9832,#
9851,Author
9882,Entered administration
9924,"Wrestler:,Times:"
9947,Years Mfg'd
9961,Length
9966,Title
9969,Original Broadcast Date
9991,Built-up Area
9996,"#,Title"
10006,"Title,Broadcast Date"
10023,"Title,Album"
10033,"Episode,Original Broadcast Date"
10034,Length
10048,"Year,Album"
10059,#
10080,CSA/CMA 2009 population
10108,"Gold,Nation"
10109,Single
10120,Capacity
10126,Percentage
10134,Original air date
10136,"Reason for designation Biological interest,Reason for designation Geological interest"
10138,"Year,Title"
10178,"Year,Title"
10191,"Draw,Country"
10201,Title
10208,Performer
10210,Single
10218,Riders
10238,"Title,Year"
10239,Season
10254,Notes
10255,In Service
10287,"Name,Order"
10313,Title
10326,Artists
10339,"Single,Artist"
10361,"1995,2004,2005,2006,2007,Kategori"
10368,"Performer,Song title"
10377,"Height (mm),Type"
10380,Lead vocalist
10390,Year
10393,Results Team record
10419,"Athlete,Total"
10427,"#,Producer(s)"
10468,"#,Title"
10483,"Title,Producers"
10488,"US Hot 100,Single"
10491,Riders
10497,"Title,Original air date"
10499,"Culinary P.O.V.,Name"
10514,"Capacity,Riders"
10520,Year
10537,"Episode #,Original air date (UK)"
10538,"IBM Model Number,Year"
10546,"Title,Original air date"
10564,Month
10597,No. of channels
10607,"Primary,Other"
10614,Producer(s)
10615,"Title,Producer(s)"
10618,"1st leg,2nd leg"
10637,"Single/EP,UK Singles Chart Position"
10675,"Land area km² (sq mi),Township"
10694,#
10708,Selected Latin American countries
10710,Time
10713,"US Rap,Song"
10726,Length
10742,Year
10762,Plain catgut
10773,Month
10779,"Title,Performer (s)"
10783,"1 credit,3 credits,5 credits"
10788,Performer (s)
10793,Area Acres
10795,"Year,Song"
10816,Color & Icon
10820,Time
10826,Results Team record
10846,"Result,Episode"
10859,"Artist,Points"
10884,"Entered,Single"
10895,"Ranking,Event"
10897,Title
10898,Title
10900,"Wrestlers:,Notes:"
10918,"Name,Title Reign"
10929,"Episode #,Original air date (UK),Episode title"
10939,"Place,Artist"
10976,"Year,Song"
10995,Original Air date
11048,"Total,Description"
11055,"Women's winner,Time (h:m:s).1"
11081,"Title,Album"
11108,"Year,US R&B,US Pop,US Dance"
11111,Title
11116,"Release date,Title"
11172,"Title,Year"
11198,Model
11201,Year
11202,"Year,Goalkeeper,Defenders,Midfielders,Forwards"
11203,2010
11206,"Artist,Song"
11211,"Title,Original Air date"
11230,1 credit
11247,"Title,Time"
11252,"Year,Artist"
11255,Tournament
11271,Time
11277,Date
11285,"Song,Points"
11292,"Coalition for the Citizen,Coalition for the Future"
11295,"Title,Artist(s)"
11301,Class
11305,Original airdate
11334,"Tornadoes,Date"
11338,Sales
11347,Results Team record
11349,"Poland,Total"
11356,Category
11361,"Language,English translation"
11396,% Won Overall
11420,Title
11435,"Date,Time (Greatest) UTC"
11458,"Producer(s),Title"
11464,"Title,Performer"
11471,"Title,Album"
11477,"Stadium,Capacity"
11495,Population
11511,Single
11524,"Species,Total released"
11529,Title
11571,"Loser,Winner"
11586,Song
11590,"Song,US Rap"
11595,"US Cashbox,US Hot 100"
11598,Common names Subspecies
11611,"Country,Place"
11637,"Year,Title"
11668,"Title,Year"
11681,Single
11683,Label
11684,"Single,Year"
11717,"Entered,Artist"
11719,Written by
11736,"Country,Points"
11769,"Pump type and source,45 °C (e.g. heated screed floor),35 °C (e.g. heated screed floor)"
11789,"2001,2002,2003,2004,2005,2006"
11804,Recorded
11840,"4 credits,2 credits"
11858,Capacity
11872,"Year,Title"
11874,"Coach,Years"
11879,Broadcast Date
11883,"Song,Artists"
11892,"Artist,Single,Year"
11917,Unnamed: 0
11920,"Bronze:,Country:"
11926,Average
11933,"Language,Number"
11944,"Area (sq miles),MAINLAND"
11949,Profit (Thou.  PLN)
11963,Year started
11968,"Song,Total Downloads"
11978,Length
11980,Month
11997,"Population (2011),Name"
12008,1962
12030,"School,Conf (Overall)"
12092,"Language,Artist,Song"
12110,Position
12115,Author
12121,"Year,Title"
12137,"2006,2009,2014,W–L"
12147,Entered administration
12148,"Province,Population"
12152,Month
12154,Length
12162,Length
12166,"Rock/Pop/Alternative,2005,2006"
12177,"Title,Album details"
12178,"Winner,Loser"
12180,Last execution date
12184,Nickname
12189,Song
12193,"Home Team,Score"
12200,"Party,Diet Representation Councillors"
12201,Score
12240,Length
12282,Team Inducted As
12304,Month
12327,Career
12328,"Population,Province"
12332,"Model 01,Model 01+"
12341,"Constructor,Grand Prix"
12351,"Score,Home"
12381,"Team Inducted As,Player"
12433,#
12463,"Weekly collections,Church"
12487,"Time,Title"
12518,"Episode,Title"
12530,"Entered,Artist"
12553,"Year,Title"
12572,"#,Title"
12643,Ep#
12656,Title
12665,"Attendance,Tie"
12680,Color
12714,Written by
12715,Song
12727,Seat
12738,"Song,Album"
12743,"Producer(s),Title"
12744,STAPLE:
12766,Capacity
12777,Written by
12798,Year
12800,"Swara,Notation"
12802,"Selected Latin American countries,Internl. tourism receipts. 2010 (USD (x1000)"
12804,"Featured guest(s),#"
12826,"Result/Score,Record"
12828,"Points,Artist"
12854,Album
12882,"Peak chart positions US,Peak chart positions US R&B"
12884,"Single/EP,UK Singles Chart Position"
12932,"Title,Year"
12952,"Year,Album"
12957,2nd leg
12968,"Film,Notes"
12974,"Country,Place"
13017,Population Census 2009
13109,Population Census 2009
13134,"Single,Album"
13135,Title
13153,Rank
13162,"Title,Album"
13166,Points
13171,"Songwriters,#"
13179,"Component,Model 01,Model 01+,Model 02,Model e2,Model 2+ (Pre-production),model 03 (China Copy)"
13196,Single
13199,"Episode #,Guest cast"
13227,Area (km²)
13229,"Rock/Pop/Alternative,2004,2005,2006,2009,2010,2011"
13283,Title
13288,2007
13295,"Occupation,Eliminated"
13298,Title
13316,Platform(s)
13374,Score
13376,"Single,Album"
13417,"Producer(s),Performer(s)"
13419,Sales
13434,"Title,Peak chart positions US Rap"
13442,Surface
13449,Points
13463,"Single,Position"
13501,Album
13513,"Era names and their year ranges,Temple name"
13514,"Title,Album"
13535,"Single,Chart,Position"
13543,Mar
13548,"Wrestlers:,Date:"
13553,"Song,US R&B"
13581,Month
13594,"Artist,Episode(s)"
13653,"Artist,Song"
13678,"#,Title"
13682,"1999,2007"
13692,"Opponent#,Date"
13697,"Single/EP,Format(s),Label"
13713,"Album,Song"
13719,"Release date,Title"
13727,"#,Title"
13739,Year
13743,"Year,Album"
13800,Broadcast Date
13805,"Title,Year"
13832,"Artist(s),Producer(s)"
13842,"Peak chart positions US,Peak chart positions US R&B"
13864,Featured guest(s)
13866,"Year,Single"
13871,Song
13873,Record
13884,"Wrestler,Combined defenses"
13887,"Year,Single"
13910,"Album,US Hot 100,US Modern Rock,US Mainstream Rock"
13917,"Place,Points"
13928,Producer(s)
13930,"Score,To par"
13951,"Month,Dec"
13952,"Year,Single"
13960,Title
13984,Original Broadcast Date
14015,Network
14018,"2005,2006,2009,2010,2011"
14031,Length
14049,Episode #
14057,"Title,Producer(s)"
14065,"Year,Song"
14088,Week
14092,"Reign,Era names and their year ranges"
14095,Entered
14096,"Length,Title"
14117,"Mar,Apr"
14132,"Year,Single"
14134,"Score,Player"
14150,Population density (/km²)
